"Business Name";"Reviews Count";Category ;Phone;Website
Brandy's Cleaning Service;-133;House cleaning service;+1 239-810-7046;http://brandyscleaningservices.com/
The Cleaning Company, LLC;-61;House cleaning service;+1 888-611-3773;http://cleaningcompanyonline.com/
Cleaning Service Florida;-3;House cleaning service;+1 954-607-0936;http://cleaningserviceflorida.com/
Cleaning Solution Service Inc;-47;House cleaning service;+1 772-567-4504;http://cleaningsolutionservice.com/
Cleaning Service USA;-16;Janitorial service;+1 941-704-8240;http://getcleanusa.com/
Luxury Cleaning Services Sw Florida Inc;-18;House cleaning service;+1 239-677-5554;http://luxurycleaningservicesswflorid.godaddysites.com/
Qualified Cleaning Service;-182;House cleaning service;+1 863-662-4646;http://qualifiedcleaningservice.com/
Sunrise Cleaning, LLC;-13;House cleaning service;+1 386-409-1276;http://sunrisecleaningplus.com/
Sunshine State Cleaning;-62;House cleaning service;+1 561-587-5468;http://sunshinestatecleaning.com/
Sunshine State Cleaning Pros;-11;House cleaning service;+1 407-607-7265;http://sunshinestatecleaningpros.com/
Sunstate Cleaning;-37;House cleaning service;+1 407-252-1335;http://sunstatehousekeeping.com/
That Cleaning Lady;-96;House cleaning service;+1 321-591-7712;http://thatcleaningladybrevard.com/
The Cleaners & Co. Building Services;-55;Cleaning service;+1 321-276-4979;http://thecleanersandcompany.com/
U.S. Cleaning Service LLC;-21;Janitorial service;+1 321-872-7007;http://uscleaningservice.com/
Any House Cleaning;-70;House cleaning service;+1 407-572-4118;http://www.anyhousecleaning.com/
AP Florida Cleaning Services Inc.;-12;House cleaning service;+1 307-231-0299;http://www.apfloridacleaningservicesinc.com/
Big Bang Cleaning Services Inc;-117;House cleaning service;+1 407-255-0265;http://www.bigbangcleaningservicesinc.com/
Immaculate Cleaning Service;-20;Cleaning service;+1 407-694-8323;http://www.cleaningcfl.com/
Cleaning Crew USA;-45;House cleaning service;+1 954-903-8092;http://www.cleaningcrewusa.com/
Cleaning Partners USA LLC;-48;House cleaning service;+1 813-562-1724;http://www.cleaningpartnerstampa.com/
Clean Work Florida - Cleaning Services;-18;Janitorial service;+1 786-870-2423;http://www.cleanworkflorida.com/
Custom Cleaning of the Treasure Coast;-187;House cleaning service;+1 772-677-9991;http://www.customcleaningtc.com/?utm_source=google&utm_medium=organic&utm_campaign=1seo_gbp
Custom Cleanups LLC;-159;House cleaning service;+1 813-444-3085;http://www.customcleanups.com/
Empire Cleaning FL;-113;House cleaning service;+1 407-686-2102;http://www.empirecleanfl.com/

